{"cameraMode":{"drawMode":0,"name":"Shaded","section":"Shading Mode"},"sceneLighting":false,"audioPlay":false,"sceneViewState":{"m_AlwaysRefresh":false,"showFog":true,"showSkybox":false,"showFlares":true,"showImageEffects":true,"showParticleSystems":true,"showVisualEffectGraphs":true,"m_FxEnabled":true},"in2DMode":false,"pivot":{"x":-5.102108001708984,"y":59.95690155029297,"z":2.4728775024414064},"rotation":{"x":0.19376638531684876,"y":0.0014716029400005937,"z":-0.0002906570443883538,"w":0.9810466170310974},"size":61.35978698730469,"orthographic":false}