{"cameraMode":{"drawMode":0,"name":"Shaded","section":"Shading Mode"},"sceneLighting":false,"audioPlay":false,"sceneViewState":{"m_AlwaysRefresh":false,"showFog":true,"showSkybox":false,"showFlares":true,"showImageEffects":true,"showParticleSystems":true,"showVisualEffectGraphs":true,"m_FxEnabled":true},"in2DMode":false,"pivot":{"x":-1.3967361450195313,"y":49.921897888183597,"z":0.03510284423828125},"rotation":{"x":0.19376638531684876,"y":0.0014716029400005937,"z":-0.0002906570443883538,"w":0.9810466170310974},"size":69.48779296875,"orthographic":false}