{"cameraMode":{"drawMode":0,"name":"Shaded","section":"Shading Mode"},"sceneLighting":false,"audioPlay":false,"sceneViewState":{"m_AlwaysRefresh":false,"showFog":true,"showSkybox":false,"showFlares":true,"showImageEffects":true,"showParticleSystems":true,"showVisualEffectGraphs":true,"m_FxEnabled":true},"in2DMode":false,"pivot":{"x":-0.135894775390625,"y":49.985111236572269,"z":1.8719940185546876},"rotation":{"x":0.19376638531684876,"y":0.0014716029400005937,"z":-0.0002906570443883538,"w":0.9810466170310974},"size":67.13980865478516,"orthographic":false}